Feature,Importance
tGravityAcc-mean()-X,0.03800185574547859
"angle(X,gravityMean)",0.03256482736272941
tGravityAcc-max()-X,0.027665372828647207
tGravityAcc-energy()-X,0.02487561556875582
tGravityAcc-mean()-Y,0.02403992535611585
tGravityAcc-max()-Y,0.02107073490489835
tGravityAcc-min()-X,0.02042740352296678
tGravityAcc-min()-Y,0.019727884623867542
"angle(Y,gravityMean)",0.016117893700001013
tGravityAcc-energy()-Y,0.013617663751191184
tBodyAccJerk-std()-X,0.012390564432265286
"angle(Z,gravityMean)",0.011890294985687652
tGravityAcc-min()-Z,0.011234210824162096
"fBodyAccJerk-bandsEnergy()-1,16",0.01073013404014097
"tGravityAcc-arCoeff()-Z,2",0.01058534903467105
fBodyAccMag-mean(),0.010485720682933844
tBodyGyroJerk-iqr()-Z,0.0104120567179012
fBodyAccJerk-max()-X,0.010153131226775705
"tGravityAcc-arCoeff()-Z,3",0.01006602971589858
tBodyAcc-std()-X,0.009611436285030469
tBodyAccMag-mad(),0.008974068818734717
tGravityAccMag-std(),0.008621830921883159
fBodyAcc-mad()-X,0.008543632611025687
tBodyAccJerk-sma(),0.008468878427103753
"tGravityAcc-arCoeff()-Y,1",0.008422337864284006
"fBodyAccJerk-bandsEnergy()-1,24",0.008405242234232588
"fBodyAccJerk-bandsEnergy()-1,16",0.008211545503352928
fBodyAccMag-mad(),0.008174824024737494
fBodyAcc-entropy()-X,0.008098640715907428
"tGravityAcc-arCoeff()-Z,1",0.008076805623148392
tGravityAcc-max()-Z,0.00784202474235286
tGravityAcc-entropy()-Y,0.007774438141803437
fBodyAccMag-energy(),0.0076360021509089705
fBodyAccJerk-mean()-X,0.007284707232931264
tGravityAccMag-mad(),0.007131090501068428
tGravityAcc-energy()-Z,0.007114344760414273
"tGravityAcc-arCoeff()-Y,2",0.007067915775230241
tBodyAcc-energy()-X,0.006919607463582812
fBodyAcc-std()-X,0.006878643589386684
fBodyAccMag-sma(),0.006766883987824586
"tGravityAcc-arCoeff()-X,1",0.006709187248360627
tGravityAcc-mean()-Z,0.00669787666206574
tBodyAccJerkMag-energy(),0.006492408715824445
"fBodyAccJerk-bandsEnergy()-9,16",0.006457888934440721
fBodyAccJerk-std()-X,0.006352717643372402
tBodyGyroJerk-mad()-Z,0.00634986043513027
tBodyGyroJerk-sma(),0.006318573176252982
"fBodyAcc-bandsEnergy()-1,24",0.006297656454879424
"tGravityAcc-arCoeff()-X,2",0.006266066548294116
fBodyAccJerk-energy()-X,0.006239178767871337
fBodyGyro-maxInds-Z,0.006018503326893722
"tGravityAcc-arCoeff()-Y,3",0.006008262404445361
"fBodyAccJerk-bandsEnergy()-1,8",0.005782396664566041
"fBodyAcc-bandsEnergy()-1,16",0.0050782689710660725
"fBodyAcc-bandsEnergy()-9,16",0.005002286667874725
fBodyAccMag-std(),0.004863453228486927
tBodyAccJerk-mad()-Y,0.0048233994411057066
fBodyGyro-meanFreq()-X,0.0048175192995366205
tBodyAcc-max()-X,0.004813760307511145
tBodyAccJerk-energy()-X,0.004799119229320623
"tBodyAcc-correlation()-X,Y",0.0046658322717385795
tBodyAccMag-std(),0.004609627465014258
tBodyAccJerkMag-mad(),0.004466300630355441
"tGravityAcc-arCoeff()-Z,4",0.004440726943022866
tBodyAccJerk-entropy()-Y,0.004356340167877736
fBodyAccJerk-mad()-X,0.004336887215561355
fBodyBodyAccJerkMag-mean(),0.004332706423231034
tBodyGyroJerk-iqr()-X,0.004235638605048362
fBodyGyro-maxInds-X,0.004231472777165565
tBodyAccJerk-iqr()-X,0.0042117999729754975
tBodyAccJerk-max()-X,0.0040926804954299
tGravityAccMag-arCoeff()1,0.004061480261251173
tBodyAccMag-arCoeff()1,0.004034427576163792
tGravityAcc-sma(),0.003951899544092225
"tGravityAcc-arCoeff()-X,3",0.0039489604233018385
fBodyAcc-energy()-X,0.0038509712258047897
fBodyAcc-mean()-X,0.003810787818717281
tBodyGyro-max()-X,0.003590020154893147
tBodyGyro-iqr()-X,0.003418837451934152
"fBodyAcc-bandsEnergy()-1,8",0.0033368635730146767
fBodyAccMag-meanFreq(),0.0033313967288009835
fBodyAcc-meanFreq()-Z,0.003304555445536683
"tGravityAcc-arCoeff()-Y,4",0.0032811787316885375
tBodyAcc-mad()-X,0.003096786373574542
"tGravityAcc-arCoeff()-X,4",0.003080925289858388
fBodyGyro-max()-X,0.00303946654916288
tBodyAcc-iqr()-X,0.0030296241284670468
tBodyAcc-sma(),0.0030117762164939364
"fBodyGyro-bandsEnergy()-1,8",0.0030038019008609175
tBodyAccJerk-entropy()-X,0.0029812633466383197
tBodyGyro-mad()-X,0.002904914879141686
tGravityAcc-entropy()-X,0.0028486851756735765
tBodyGyro-energy()-X,0.0028238422522788038
fBodyGyro-energy()-X,0.0027377331723127374
tGravityAcc-std()-X,0.002715374729286265
fBodyBodyGyroMag-meanFreq(),0.002694357910121643
tBodyGyro-entropy()-X,0.002671117231809372
tGravityAcc-mad()-X,0.0026276960930972986
fBodyGyro-std()-X,0.002595987573531649
fBodyAccJerk-maxInds-X,0.0025779994998139577
tBodyGyro-iqr()-Y,0.0025645881869463794
fBodyGyro-maxInds-Y,0.002528451068491533
tBodyGyro-std()-X,0.00251392365868601
fBodyGyro-mean()-X,0.00251114267980391
"fBodyGyro-bandsEnergy()-1,16",0.002504118577330665
fBodyAccJerk-max()-Y,0.0024898746298245168
fBodyAccJerk-energy()-Y,0.0024714119506657802
tBodyAccJerkMag-mean(),0.0024175349961416655
fBodyGyro-mad()-X,0.0023986256944288705
fBodyAccMag-entropy(),0.002394151021149219
tBodyAccJerkMag-sma(),0.002366749301891519
fBodyAccJerk-sma(),0.002307256263231151
tBodyAccJerk-mad()-Z,0.0022977283601789376
tGravityAccMag-max(),0.002216244900983033
tBodyAccMag-max(),0.0021995037884703227
fBodyAcc-iqr()-X,0.002183817700390363
fBodyAccJerk-entropy()-Y,0.00216387219204375
"tBodyAcc-correlation()-Y,Z",0.002158079080715926
tBodyGyroJerk-energy()-X,0.0019582421196637167
fBodyAcc-max()-X,0.0019222268380476243
tBodyGyro-min()-X,0.0018686349063365636
"tGravityAcc-correlation()-X,Y",0.0018389418201450042
"fBodyGyro-bandsEnergy()-1,24",0.0018316656118017136
fBodyAccMag-max(),0.0018260180741637136
tBodyAccMag-energy(),0.0018236582136048072
fBodyGyro-entropy()-X,0.0018067960248306784
tBodyAccJerkMag-iqr(),0.0017024059854152248
fBodyGyro-max()-Z,0.0016954888789946485
tBodyAccMag-arCoeff()2,0.0016837215130470447
tGravityAcc-mad()-Y,0.001652551455224836
tBodyGyroJerk-std()-X,0.0016373763349945432
fBodyBodyGyroMag-maxInds,0.0015981474752450578
fBodyAccJerk-maxInds-Z,0.0015683042986720298
"fBodyGyro-bandsEnergy()-9,16",0.001546629972700752
tBodyAccJerkMag-entropy(),0.001529484947894779
fBodyAccMag-iqr(),0.0015191417138214732
"fBodyAcc-bandsEnergy()-1,8",0.0015012030124485906
fBodyAcc-kurtosis()-X,0.0014799335471756792
"tBodyAcc-correlation()-X,Z",0.001463779572939672
tBodyGyroJerk-mad()-X,0.0013840250079255885
tGravityAcc-iqr()-X,0.0013834892095663583
"fBodyGyro-bandsEnergy()-1,8",0.0013261190182722784
"tBodyGyroJerk-arCoeff()-X,1",0.0013216382661667852
fBodyAccJerk-mad()-Y,0.001306361798124866
tBodyGyro-mean()-Z,0.001279096604085621
"fBodyAcc-bandsEnergy()-1,8",0.0012251107336511253
"fBodyAccJerk-bandsEnergy()-17,32",0.0012185609239605427
"tBodyGyro-correlation()-Y,Z",0.0011866151905806387
fBodyAcc-max()-Y,0.0011781550240462435
fBodyGyro-skewness()-Y,0.0011689368206539404
fBodyAcc-skewness()-Y,0.0011567221538429972
tBodyGyro-energy()-Z,0.001116298763769729
tBodyGyro-mean()-X,0.0010885476197932133
"fBodyGyro-bandsEnergy()-1,8",0.0010712650963111108
tBodyAccMag-iqr(),0.0010698610037128253
"fBodyAccJerk-bandsEnergy()-17,32",0.0010531570993213655
tBodyAcc-energy()-Y,0.0010362789960536457
tBodyAccMag-sma(),0.0009992680937008
tGravityAcc-std()-Y,0.0009959184124555456
"fBodyAcc-bandsEnergy()-17,32",0.0009842788707038494
"tBodyGyro-arCoeff()-X,1",0.0009816442791966838
"fBodyAcc-bandsEnergy()-17,24",0.0009671228602639095
tBodyGyro-mad()-Z,0.0009375200719606158
tBodyAccJerk-max()-Z,0.0009364360280611702
fBodyBodyAccJerkMag-max(),0.0009351578995524379
tGravityAccMag-mean(),0.000922818202418895
tBodyAcc-entropy()-X,0.0009038122633419328
"fBodyGyro-bandsEnergy()-1,16",0.0009019204415105128
fBodyAcc-kurtosis()-Y,0.0008995200150177945
tGravityAcc-std()-Z,0.0008887224824686207
tBodyGyro-std()-Y,0.0008832539959458326
"tBodyAccJerk-correlation()-X,Y",0.000864585451564614
"fBodyAccJerk-bandsEnergy()-1,24",0.0008505539308196122
fBodyAcc-skewness()-X,0.0008500365959854351
fBodyGyro-skewness()-Z,0.000847049167706293
fBodyAcc-energy()-Z,0.0008334150927974249
tBodyGyroJerk-entropy()-X,0.0008283339684050212
"fBodyAcc-bandsEnergy()-1,24",0.0008199623658864212
fBodyAcc-std()-Y,0.0008158512352966929
fBodyGyro-kurtosis()-Z,0.0007967044082231239
fBodyGyro-energy()-Z,0.0007919001211772167
"fBodyAccJerk-bandsEnergy()-1,8",0.0007850756203694582
fBodyGyro-max()-Y,0.0007846517467321998
tBodyAcc-energy()-Z,0.0007846172894206221
fBodyGyro-kurtosis()-Y,0.0007844577405344223
tGravityAccMag-iqr(),0.0007667514223161078
"tBodyGyro-correlation()-X,Z",0.0007436654179921462
tBodyGyroJerk-max()-X,0.0007321290882279959
"fBodyAcc-bandsEnergy()-1,16",0.0007307135814516001
"angle(tBodyGyroMean,gravityMean)",0.0007235665403667668
"tGravityAcc-correlation()-Y,Z",0.0007057484968549736
fBodyGyro-std()-Z,0.0007001278522287388
fBodyAcc-meanFreq()-X,0.0006885914342278598
fBodyGyro-energy()-Y,0.0006798143655146194
tGravityAccMag-energy(),0.0006719962426656758
"tBodyGyroJerk-correlation()-X,Y",0.000663408279022384
"tBodyGyro-correlation()-X,Y",0.000663064090399999
tGravityAccMag-sma(),0.0006622296730129204
tBodyGyro-iqr()-Z,0.0006608463497345647
tBodyAcc-mad()-Y,0.0006538298285888208
"tBodyAcc-arCoeff()-X,1",0.0006499499062665211
fBodyAcc-std()-Z,0.0006470158480204441
tBodyGyro-energy()-Y,0.0006420409885018705
fBodyGyro-meanFreq()-Z,0.000640538156155601
"fBodyAcc-bandsEnergy()-9,16",0.0006309489820396418
fBodyBodyAccJerkMag-std(),0.0006252068168263569
fBodyGyro-std()-Y,0.0006247371672554004
"fBodyGyro-bandsEnergy()-1,24",0.0006218671368837579
fBodyGyro-entropy()-Y,0.0006145027086867774
"fBodyGyro-bandsEnergy()-33,40",0.0006084995811235183
tBodyGyro-std()-Z,0.000598813019509688
"fBodyGyro-bandsEnergy()-1,16",0.0005931196634867296
"fBodyAcc-bandsEnergy()-1,16",0.000591059913834863
tBodyGyroJerk-entropy()-Z,0.0005832184565333358
fBodyAccJerk-mean()-Y,0.0005787014360677866
fBodyAcc-energy()-Y,0.0005767519304653073
fBodyBodyGyroJerkMag-std(),0.0005762773989446159
"fBodyGyro-bandsEnergy()-33,48",0.0005739630387496752
tBodyAccMag-mean(),0.0005701198648095858
tGravityAcc-iqr()-Y,0.0005676150003320251
"tGravityAcc-correlation()-X,Z",0.0005606900046723307
"tBodyGyroJerk-arCoeff()-X,3",0.000554831078384814
tBodyGyroJerk-mad()-Y,0.0005468014340573245
tBodyGyroJerk-min()-X,0.0005430917815431092
tBodyGyro-mad()-Y,0.0005334216745680484
fBodyGyro-skewness()-X,0.0005332041717612543
"fBodyGyro-bandsEnergy()-1,24",0.000531574133655064
"angle(tBodyGyroJerkMean,gravityMean)",0.000530635907466423
fBodyGyro-mean()-Y,0.0005278783196210618
fBodyGyro-mad()-Y,0.0005221240698107881
fBodyAccJerk-mad()-Z,0.0005216472252977983
fBodyBodyGyroJerkMag-energy(),0.0005193482493389946
fBodyBodyAccJerkMag-sma(),0.0005165851816365149
fBodyBodyAccJerkMag-energy(),0.0005097252163221785
"fBodyAcc-bandsEnergy()-1,24",0.0005086598237482398
tBodyGyro-min()-Z,0.0005055077558293595
"fBodyAccJerk-bandsEnergy()-25,48",0.0005039806436550004
tBodyGyroJerk-std()-Y,0.0005034732299016148
tBodyAcc-entropy()-Z,0.0004891233381702772
fBodyGyro-iqr()-Z,0.00048555857649406085
fBodyAccJerk-max()-Z,0.0004808458515889039
fBodyAcc-skewness()-Z,0.00047781122483832794
fBodyAcc-iqr()-Z,0.00047756583663497354
"fBodyAccJerk-bandsEnergy()-17,24",0.0004768642435453468
tBodyGyroJerk-max()-Z,0.0004765926238786212
"tBodyGyroJerk-correlation()-Y,Z",0.0004735117180114355
"tBodyGyroJerk-arCoeff()-Z,4",0.0004714776261240852
fBodyAcc-max()-Z,0.00047136997035336533
tBodyGyroMag-mad(),0.0004693097858059634
tBodyGyroMag-energy(),0.00046910203736723663
"fBodyGyro-bandsEnergy()-33,40",0.00046734037596245004
"tBodyGyro-arCoeff()-Y,1",0.00046589647962890174
tBodyAcc-iqr()-Y,0.00046237175512268497
fBodyBodyGyroJerkMag-max(),0.0004588253302240116
"tBodyGyroJerk-correlation()-X,Z",0.00045831670524349415
tBodyGyroJerk-energy()-Y,0.0004525831891891884
fBodyGyro-kurtosis()-X,0.00045251315624671813
fBodyBodyAccJerkMag-skewness(),0.00045210253583766256
"fBodyGyro-bandsEnergy()-25,32",0.0004514217179062161
tBodyGyroMag-min(),0.00044996580421338255
"fBodyAccJerk-bandsEnergy()-9,16",0.00044878507222936425
fBodyAccJerk-meanFreq()-Z,0.0004466978135492524
"fBodyGyro-bandsEnergy()-49,64",0.0004391491176183842
"fBodyGyro-bandsEnergy()-17,32",0.0004390507710471167
"tBodyAccJerk-correlation()-Y,Z",0.00043809792801228245
"fBodyGyro-bandsEnergy()-17,24",0.0004368114605588042
"tBodyAccJerk-arCoeff()-Z,1",0.00043477552307174
fBodyAccJerk-std()-Y,0.000431434502043899
tBodyAccJerk-energy()-Z,0.0004232781491749917
tBodyAccJerk-entropy()-Z,0.00042113813230730307
"fBodyGyro-bandsEnergy()-9,16",0.00041816490491522853
tBodyAccJerk-energy()-Y,0.0004125528292056026
"fBodyGyro-bandsEnergy()-17,24",0.00041194450486905463
"tBodyAcc-arCoeff()-Z,4",0.00041049469686024536
tBodyGyro-mean()-Y,0.00040888925518660905
tBodyGyroJerkMag-iqr(),0.00040707152111452274
"fBodyAccJerk-bandsEnergy()-1,16",0.0004063576002099393
fBodyAcc-sma(),0.0004062970777257134
fBodyGyro-mad()-Z,0.0004040583620793011
tBodyGyroMag-mean(),0.00040319696866634926
fBodyAccJerk-iqr()-Z,0.0003992641946196838
tBodyGyroJerkMag-std(),0.00039919499454498685
"fBodyGyro-bandsEnergy()-57,64",0.00039494143121196544
tBodyAcc-std()-Y,0.00039281135707233304
tBodyGyroJerk-mean()-X,0.0003878925891818288
"fBodyGyro-bandsEnergy()-25,32",0.0003873043181716406
"fBodyAccJerk-bandsEnergy()-9,16",0.0003871526287234565
fBodyAcc-mad()-Z,0.0003869460836426406
"fBodyAcc-bandsEnergy()-25,48",0.0003855126106615511
fBodyBodyGyroMag-energy(),0.0003838061320991102
fBodyGyro-iqr()-Y,0.000382774825561079
tGravityAccMag-arCoeff()2,0.00038235428892920907
tBodyGyroMag-entropy(),0.00038145612026556537
tBodyGyroJerkMag-mean(),0.00038133863482240244
"tBodyGyro-arCoeff()-Y,4",0.0003753141997260498
"fBodyAccJerk-bandsEnergy()-1,8",0.00037520449088206863
tBodyAcc-iqr()-Z,0.0003729973687087219
tBodyGyroJerkMag-energy(),0.0003722496183696789
tBodyGyroJerk-std()-Z,0.0003692327438136281
tBodyGyro-max()-Z,0.00036785475933598805
tBodyAccJerk-std()-Z,0.000367621324624209
fBodyAcc-meanFreq()-Y,0.000367618677889882
fBodyAcc-maxInds-X,0.00036507896914849417
tBodyGyroJerkMag-sma(),0.0003642515202167514
tBodyAcc-std()-Z,0.000363634619801931
fBodyAccJerk-iqr()-Y,0.0003631891653556616
fBodyGyro-meanFreq()-Y,0.0003627320349899671
tBodyGyroJerkMag-arCoeff()4,0.0003622513368092889
fBodyGyro-iqr()-X,0.00036124722629233934
fBodyAcc-mean()-Y,0.0003570183922384874
"fBodyAccJerk-bandsEnergy()-1,24",0.0003559568026660098
tBodyGyroJerkMag-mad(),0.0003495919207118909
tBodyAccJerk-std()-Y,0.00034611531994954855
tBodyAcc-min()-X,0.00034501017722433637
tBodyGyro-sma(),0.0003438360884454486
tBodyGyroJerk-min()-Y,0.00034247316691998796
fBodyBodyGyroMag-skewness(),0.0003420612344138194
tGravityAcc-mad()-Z,0.0003419120120084631
tBodyAcc-mad()-Z,0.0003407914059339437
tBodyAccJerkMag-std(),0.0003404225248638477
"tBodyGyroJerk-arCoeff()-X,2",0.00034006893851016624
tBodyAcc-min()-Y,0.0003375823554936668
"tBodyGyroJerk-arCoeff()-Y,1",0.000336479896879921
tBodyGyroJerk-iqr()-Y,0.0003338836220703406
fBodyGyro-sma(),0.00033189854461874454
"fBodyGyro-bandsEnergy()-41,48",0.00033168876996658367
tBodyGyro-entropy()-Z,0.0003292284593558981
tBodyGyroMag-sma(),0.00032789714514391984
"fBodyAcc-bandsEnergy()-9,16",0.00032739349293578956
fBodyBodyGyroMag-max(),0.0003265077240133755
tBodyAccJerk-iqr()-Y,0.0003248423704438209
tBodyAccJerk-mad()-X,0.00032365917357685494
tBodyGyroMag-std(),0.0003168273741638739
fBodyAccJerk-skewness()-Y,0.00031645015097068937
fBodyBodyAccJerkMag-mad(),0.0003145980821857734
"fBodyAcc-bandsEnergy()-17,32",0.0003144144232590664
tBodyGyro-entropy()-Y,0.00031212640564875593
fBodyGyro-min()-X,0.00030750607464454335
fBodyBodyAccJerkMag-maxInds,0.00030735625064601165
"fBodyGyro-bandsEnergy()-25,48",0.00030626575711808953
fBodyBodyGyroJerkMag-mean(),0.0003060448676635808
"tBodyAccJerk-correlation()-X,Z",0.00030467963120045283
fBodyBodyGyroMag-sma(),0.00030428768227929527
fBodyAccJerk-energy()-Z,0.00030415578450715164
tBodyGyroJerkMag-arCoeff()1,0.00030409242786202115
"fBodyGyro-bandsEnergy()-41,48",0.0003037435339273033
tBodyAcc-max()-Z,0.0003034646692559507
"fBodyAcc-bandsEnergy()-17,32",0.00030285517124218876
"tBodyAcc-arCoeff()-Z,1",0.0002989625100225553
fBodyAccJerk-std()-Z,0.00029838042488642324
"tBodyAcc-arCoeff()-X,3",0.00029826993912907587
"fBodyAcc-bandsEnergy()-33,48",0.0002965416277089073
"tBodyAcc-arCoeff()-X,4",0.00029628072547117494
fBodyBodyAccJerkMag-kurtosis(),0.00029564328491319097
fBodyAcc-kurtosis()-Z,0.0002939686233917785
fBodyAcc-maxInds-Y,0.0002929543600243911
"fBodyGyro-bandsEnergy()-57,64",0.0002918036852603875
fBodyGyro-min()-Z,0.00028972464842869214
tBodyGyro-min()-Y,0.0002891674697533909
tBodyAcc-mean()-Y,0.0002890030853919547
tBodyGyroJerk-max()-Y,0.000287312424098333
tBodyGyroJerkMag-entropy(),0.0002856004009945309
"tBodyGyro-arCoeff()-Z,4",0.00028499816020258157
"tBodyGyro-arCoeff()-Y,2",0.0002831122155918487
fBodyAccJerk-entropy()-Z,0.00028297167445835296
"tBodyGyroJerk-arCoeff()-Z,3",0.0002817983594605149
fBodyBodyGyroMag-kurtosis(),0.00028161910779987183
fBodyGyro-mean()-Z,0.00028065685996293144
fBodyAccJerk-mean()-Z,0.00028026204033841147
"fBodyAccJerk-bandsEnergy()-25,32",0.000279780830893225
"fBodyGyro-bandsEnergy()-49,56",0.0002790793350812441
"tBodyAccJerk-arCoeff()-Z,3",0.0002780849671249139
"fBodyGyro-bandsEnergy()-25,48",0.00027752561949370713
tBodyGyroJerk-energy()-Z,0.0002761088128700279
tBodyAccMag-entropy(),0.0002757544965963881
"fBodyGyro-bandsEnergy()-17,32",0.00027553431291989954
tBodyGyroJerk-min()-Z,0.0002735541415965742
tBodyAccJerk-max()-Y,0.0002732045499414693
"fBodyGyro-bandsEnergy()-17,32",0.00027249307839393404
fBodyBodyGyroMag-mad(),0.00027233432086742356
tBodyAccJerk-min()-Y,0.0002713256148221515
fBodyBodyGyroJerkMag-kurtosis(),0.00027105456703536973
tBodyGyro-max()-Y,0.00027084789453610367
"fBodyAccJerk-bandsEnergy()-17,24",0.00026723730404216094
"fBodyAccJerk-bandsEnergy()-17,32",0.00026565073868402723
"fBodyGyro-bandsEnergy()-17,24",0.0002617700636008679
fBodyAccJerk-kurtosis()-Z,0.00026108897175054275
fBodyAccJerk-kurtosis()-Y,0.0002603883656490113
tBodyAccJerkMag-arCoeff()2,0.0002575841478183026
"tBodyAccJerk-arCoeff()-X,4",0.00025708856723004407
fBodyBodyGyroJerkMag-mad(),0.0002568834291410145
fBodyAccJerk-skewness()-Z,0.00025472532516915893
"tBodyAccJerk-arCoeff()-Y,2",0.0002531187002605436
fBodyAcc-mad()-Y,0.0002526859936571695
tBodyAccJerk-min()-X,0.0002521235155748737
tBodyGyroJerk-mean()-Z,0.00025209538228734
"fBodyAccJerk-bandsEnergy()-49,56",0.0002503743260622922
tBodyGyroMag-arCoeff()1,0.0002482429932870834
"fBodyGyro-bandsEnergy()-33,48",0.0002478148772715571
"fBodyGyro-bandsEnergy()-49,56",0.00024705970712096437
"fBodyAccJerk-bandsEnergy()-25,48",0.00024645953608048803
tGravityAcc-iqr()-Z,0.00024266806599998147
"fBodyAcc-bandsEnergy()-17,24",0.00024138447903459395
tBodyGyroMag-arCoeff()2,0.0002399061055796206
tBodyAccJerk-min()-Z,0.0002396323177086995
tBodyAcc-max()-Y,0.00023943387474433938
fBodyGyro-entropy()-Z,0.00023847968192673052
"tBodyAccJerk-arCoeff()-X,1",0.000237633409371882
tBodyGyroJerk-entropy()-Y,0.00023728168051232766
tGravityAccMag-arCoeff()3,0.00023657816508637056
tGravityAccMag-arCoeff()4,0.00023639469982719103
"tBodyGyro-arCoeff()-X,4",0.0002346802392400427
"fBodyGyro-bandsEnergy()-49,64",0.00023377211330183085
"tBodyAccJerk-arCoeff()-Z,2",0.0002332224113161855
"fBodyAccJerk-bandsEnergy()-33,48",0.00023229061965984488
"tBodyGyroJerk-arCoeff()-Z,1",0.00023176503535463118
tBodyGyroJerkMag-min(),0.00023029843400426044
tBodyGyroJerkMag-arCoeff()2,0.00022823195992464868
"tBodyGyro-arCoeff()-Z,3",0.00022758679681335081
"tBodyGyro-arCoeff()-X,2",0.00022697718765181423
tBodyAcc-mean()-X,0.00022646197461283457
"fBodyAcc-bandsEnergy()-25,32",0.00022630314374263253
"fBodyAccJerk-bandsEnergy()-33,48",0.00022531941339761844
"fBodyAccJerk-bandsEnergy()-49,64",0.0002250981161419663
"tBodyAcc-arCoeff()-Y,4",0.00022498380042710263
"tBodyGyroJerk-arCoeff()-Y,4",0.00022439869906111734
"fBodyGyro-bandsEnergy()-33,48",0.00022371461691666342
"tBodyGyro-arCoeff()-Y,3",0.00022332338330896073
"fBodyAccJerk-bandsEnergy()-33,40",0.0002223874414008811
tGravityAccMag-min(),0.00021873229186050188
tBodyAcc-mean()-Z,0.00021734996180514788
tGravityAccMag-entropy(),0.00021723480505244066
tBodyGyroMag-max(),0.00021672871764635935
fBodyAcc-maxInds-Z,0.00021642419734937336
"fBodyGyro-bandsEnergy()-25,32",0.00021534217212879154
"fBodyGyro-bandsEnergy()-25,48",0.00021512150059502054
"fBodyAcc-bandsEnergy()-17,24",0.00021507495418214367
"fBodyAccJerk-bandsEnergy()-33,40",0.0002144095721572317
fBodyBodyGyroMag-mean(),0.00021418310750864308
tBodyGyroMag-iqr(),0.0002138849656444564
"tBodyAccJerk-arCoeff()-Z,4",0.00021243148272123463
"fBodyAccJerk-bandsEnergy()-41,48",0.00021109077098591293
"fBodyGyro-bandsEnergy()-57,64",0.00021080507903955062
fBodyAccJerk-meanFreq()-Y,0.00020585582738656745
"fBodyAccJerk-bandsEnergy()-17,24",0.00020498482918106654
tBodyAcc-entropy()-Y,0.0002041975574585267
"fBodyAcc-bandsEnergy()-25,32",0.0002033596423041702
tBodyGyroMag-arCoeff()4,0.00020277729490000105
tBodyAcc-min()-Z,0.00020027470971040008
fBodyBodyGyroJerkMag-skewness(),0.00019991363141747272
fBodyBodyGyroJerkMag-maxInds,0.0001996009872526315
tGravityAcc-entropy()-Z,0.00019888199739322528
"fBodyAcc-bandsEnergy()-25,48",0.00019846165666990287
fBodyAcc-entropy()-Z,0.00019749494346537054
"fBodyAccJerk-bandsEnergy()-33,48",0.0001973677783109041
"tBodyGyroJerk-arCoeff()-Z,2",0.00019736513177056212
"fBodyAcc-bandsEnergy()-33,48",0.00019732691026032176
tBodyAccJerk-iqr()-Z,0.0001965258888787301
"fBodyAccJerk-bandsEnergy()-57,64",0.0001964224801685683
fBodyAccMag-kurtosis(),0.00019638315997020031
"fBodyGyro-bandsEnergy()-9,16",0.00019632804238185186
"tBodyGyro-arCoeff()-X,3",0.00019614842463956686
fBodyAcc-entropy()-Y,0.0001956723191654209
"fBodyAccJerk-bandsEnergy()-33,40",0.00019522720637105565
"tBodyAcc-arCoeff()-X,2",0.00019306033820681474
"tBodyAccJerk-arCoeff()-X,2",0.00019292552237923412
fBodyAcc-min()-Z,0.00019284652289343863
tBodyAccJerkMag-arCoeff()4,0.00018675913656344934
tBodyAccMag-arCoeff()4,0.00018509306319733668
fBodyBodyGyroMag-entropy(),0.0001850612071900534
"tBodyAcc-arCoeff()-Y,1",0.0001830220799671805
fBodyAccJerk-iqr()-X,0.00018241756799311924
fBodyAccMag-skewness(),0.000181863976360893
tBodyAccJerk-mean()-Y,0.00018162522385098813
fBodyBodyGyroJerkMag-iqr(),0.00018034651366944724
fBodyGyro-min()-Y,0.00017985380467721944
"fBodyAccJerk-bandsEnergy()-25,32",0.00017928761941020442
fBodyAccJerk-maxInds-Y,0.00017869875270346995
fBodyAccJerk-min()-Z,0.00017754965532534926
"tBodyAccJerk-arCoeff()-X,3",0.00017699587850065535
fBodyAccMag-maxInds,0.000175917287135231
fBodyAcc-iqr()-Y,0.00017486236474774353
"fBodyGyro-bandsEnergy()-41,48",0.00017451076130468374
"tBodyAccJerk-arCoeff()-Y,4",0.00017257204185431086
fBodyAccMag-min(),0.00017253599314946097
"fBodyGyro-bandsEnergy()-33,40",0.0001717787236862016
fBodyAccJerk-min()-Y,0.00017163318598159316
"fBodyAcc-bandsEnergy()-33,40",0.00017019541366847417
"fBodyAcc-bandsEnergy()-25,32",0.0001687890128277611
fBodyBodyGyroJerkMag-meanFreq(),0.00016642702289325974
fBodyBodyAccJerkMag-iqr(),0.0001647494562952625
tBodyAccJerkMag-arCoeff()3,0.00016445422328126896
"angle(tBodyAccMean,gravity)",0.00016412824818997737
"fBodyGyro-bandsEnergy()-49,64",0.00016299258594124855
"fBodyAcc-bandsEnergy()-33,48",0.00016230808465682848
"fBodyAcc-bandsEnergy()-33,40",0.00016221577562321036
tBodyAccJerkMag-max(),0.0001618991948657627
"tBodyAcc-arCoeff()-Z,3",0.00016149051189592975
"tBodyGyroJerk-arCoeff()-X,4",0.0001613701703078988
fBodyBodyGyroMag-iqr(),0.00016094405283988847
tBodyAccMag-min(),0.0001608169336959856
tBodyAccJerk-mean()-X,0.00016043236634195282
fBodyBodyGyroMag-min(),0.0001590674979550871
"tBodyAccJerk-arCoeff()-Y,1",0.00015870268668548672
"tBodyAcc-arCoeff()-Y,2",0.0001582212360915836
"fBodyAcc-bandsEnergy()-57,64",0.00015786068074553116
tBodyGyroJerkMag-max(),0.00015554925497181105
fBodyAccJerk-min()-X,0.00015540894815703002
"fBodyAcc-bandsEnergy()-57,64",0.00015472039664700667
fBodyAccJerk-skewness()-X,0.00015274972572805562
"fBodyGyro-bandsEnergy()-49,56",0.00015187019883185348
"tBodyAccJerk-arCoeff()-Y,3",0.000151632398460437
"fBodyAccJerk-bandsEnergy()-57,64",0.00015090832798726555
"fBodyAccJerk-bandsEnergy()-25,48",0.00015080969652828555
"tBodyGyroJerk-arCoeff()-Y,3",0.00015058282138079852
"fBodyAcc-bandsEnergy()-49,64",0.00014895817224965468
tBodyGyroJerkMag-arCoeff()3,0.00014831998052163258
"angle(tBodyAccJerkMean),gravityMean)",0.0001472264499269736
tBodyGyroMag-arCoeff()3,0.0001456383770676712
tBodyAccMag-arCoeff()3,0.00014550287529229133
fBodyAccJerk-kurtosis()-X,0.00014464251674732402
fBodyBodyAccJerkMag-meanFreq(),0.00014371263705277438
"fBodyAccJerk-bandsEnergy()-57,64",0.00014221299725132306
tBodyAccJerkMag-min(),0.00014171166101969315
"fBodyAccJerk-bandsEnergy()-41,48",0.00014083134218622774
fBodyAccJerk-meanFreq()-X,0.00014043424002666485
"fBodyAccJerk-bandsEnergy()-49,64",0.0001404189624221653
"fBodyAcc-bandsEnergy()-41,48",0.00013956804339059547
"fBodyAcc-bandsEnergy()-41,48",0.00013954315305507594
fBodyBodyGyroJerkMag-entropy(),0.00013849337719180278
fBodyBodyGyroMag-std(),0.00013805967717694017
tBodyAccJerkMag-arCoeff()1,0.00013673416506394267
fBodyAcc-min()-X,0.00013657288115213688
"fBodyAcc-bandsEnergy()-41,48",0.00013581003156524075
"tBodyGyro-arCoeff()-Z,2",0.00013570624275638615
"fBodyAcc-bandsEnergy()-49,56",0.00013548276649698746
"fBodyAcc-bandsEnergy()-57,64",0.0001351320298872994
fBodyAcc-min()-Y,0.00013424051629763116
"fBodyAcc-bandsEnergy()-49,64",0.00013403913064271807
tBodyAccJerk-mean()-Z,0.0001335377469434513
"fBodyAccJerk-bandsEnergy()-49,56",0.00013227163090055613
"fBodyAccJerk-bandsEnergy()-25,32",0.0001312867235220575
"tBodyAcc-arCoeff()-Z,2",0.0001307725829343576
"fBodyAcc-bandsEnergy()-33,40",0.00012989603440872314
"fBodyAcc-bandsEnergy()-25,48",0.0001289058309340908
"fBodyAccJerk-bandsEnergy()-49,64",0.00012691580708015847
"fBodyAcc-bandsEnergy()-49,56",0.00012538325156950873
fBodyBodyAccJerkMag-min(),0.00012491209356153946
fBodyAcc-mean()-Z,0.00012433335862172513
"fBodyAcc-bandsEnergy()-49,56",0.00012373995294426697
"fBodyAccJerk-bandsEnergy()-49,56",0.00012290645514574403
tBodyGyroJerk-mean()-Y,0.0001216155782309901
fBodyBodyGyroJerkMag-sma(),0.00011962815654923515
"fBodyAccJerk-bandsEnergy()-41,48",0.00011884158657355544
"tBodyGyro-arCoeff()-Z,1",0.00011547834334880958
"tBodyGyroJerk-arCoeff()-Y,2",0.00011361107302893024
fBodyBodyGyroJerkMag-min(),0.00010352754475543733
"tBodyAcc-arCoeff()-Y,3",9.718350756012917e-05
"fBodyAcc-bandsEnergy()-49,64",8.516745066361627e-05
fBodyAccJerk-entropy()-X,5.868435485212375e-05
fBodyBodyAccJerkMag-entropy(),3.1501743630931235e-05
